base_instruction,is_valid,language_conflict,case_conflict,word_length_conflict,num_sentence_conflict,keyword_forbidden_conflict,keyword_frequency_conflict
"Write a summary of the wikipedia page ""https://en.wikipedia.org/wiki/Raymond_III,_Count_of_Tripoli""",,,,,,,
"I am planning a trip to Japan, and I would like thee to write an itinerary for my journey in a Shakespearean style.",,,,,,,
Write a resume for a fresh high school graduate who is seeking their first job.,,,,,,,
Write an email to my boss telling him that I am quitting.,,,,,,,
"Ask a question about the sentence ""Two young boys with toy guns and horns.""",,,,,,,
"Write a dialogue between two people, one is dressed up in a ball gown and the other is dressed down in sweats. The two are going to a nightly event.",,,,,,,
"Write a critique of the following sentence: ""If the law is bad, you should not follow it"".",,,,,,,
Write a resume for Matthias Algiers.,,,,,,,
Write a letter to a friend asking them to go and vote.,,,,,,,
Write an email template that invites a group of participants to a meeting.,,,,,,,
Write a blog post about the benefits of sleeping in a hammock.,,,,,,,
Can you help me make an advertisement for a new product? It's a diaper that's designed to be more comfortable for babies.,,,,,,,
Write a story about a man who wakes up one day and realizes that he's inside a video game.,,,,,,,
"Write a detailed review of the movie ""The Social Network"".",,,,,,,
Write a short blog post about a trip to Japan.,,,,,,,
Provide the names of 5 famous moms.,,,,,,,
What is a name that people call God?,,,,,,,
Write two jokes about rockets.,,,,,,,
Are hamburgers sandwiches?,,,,,,,
make a tweet for playboy's twitter account,,,,,,,
Write a poem about how I am missing my classes.,,,,,,,
"Given the sentence ""It is unclear how much of this money is actually being spent on children"", is the sentiment positive or negative?",,,,,,,
"Write a short startup pitch for a new kind of ice cream called ""Sunnis ice cream"". The ice cream should be gentle on the stomach.",,,,,,,
Write a logic quiz for teenagers about a chesterfield.,,,,,,,
Write a resume for professional clown Phil Larkin.,,,,,,,
Write the lyrics to a hit song by the rock band 'The Gifted and The Not Gifted'.,,,,,,,
Explain in French why it is important to eat healthy foods to heal the body,,,,,,,
"Write a funny haiku about moms, containing keywords ""mom"" and ""mother"" in your response.",,,,,,,
"Rewrite the following statement to make it sound more formal, like a President of the United States.",,,,,,,
What are the advantages and disadvantages of having supernatural powers? Make it short.,,,,,,,
Write a social media post for students of Islamic history about the hajj pilgrimage.,,,,,,,
Write a rubric for how to evaluate the technical skills of a software engineer.,,,,,,,
Write a riddle for kids about auspices.,,,,,,,
Write a template for a chat bot that takes a user's location and gives them the weather forecast.,,,,,,,
Explain why people are grossed out by worms but not by eating a dead cow.,,,,,,,
"Give me two different formal alternatives to ""What's up? I'm going to the beach today""",,,,,,,
What happened when the Tang dynasty of China was in power?,,,,,,,
What sentiments existed in the Croatian and Serbian nations towards the Austrian Empire at the end of the 19th century?,,,,,,,
"Write an ad copy for a new product, a digital photo frame that connects to your social media accounts and displays your photos.",,,,,,,
Which one is a better brand for sneakers: Prada or Nike?,,,,,,,
Write a blog post about the history of the internet and how it has impacted our lives aimed at teenagers.,,,,,,,
Write a poem about two people who meet in a coffee shop,,,,,,,
How many feet off the ground was the tallest skyscraper in the world in 2000?,,,,,,,
Write an advertisement for a new line of comfortable armchairs designed to withstand the scrutiny of any interior designer.,,,,,,,
"Write a funny post for teenagers about a restaurant called ""Buena Onda"" which serves Argentinian food.",,,,,,,
Can you give me a nickname for Stafford?,,,,,,,
Write me a template for a product description in the form of a poem.,,,,,,,
"Expand on ""The man was arrested for stealing a car. He was later released on bail."" in a rap style.",,,,,,,
Write a poem about the beauty of eucalyptus trees and their many uses.,,,,,,,
What can I do with this dime? Give me advice in the style of a President of the United States.,,,,,,,
Write a haiku about rushing to work.,,,,,,,
"Elaborate on the text: ""Increased axle weight increased the damage to the road.""",,,,,,,
Write an essay about how aluminium cans are used in food storage.,,,,,,,
Give me an example for a journal entry about stress management.,,,,,,,
"Take the text below as a starting point, and make it a complete article: ""You may have to meet with a helper to work out a parenting plan. The first would be to estimate how many time you have everyday for parenting, and is that enough....""",,,,,,,
"Write a limerick about Hannah, a college student, doing an internship at a coffee company.",,,,,,,
What is the difference between the 13 colonies and the other British colonies in North America?,,,,,,,
How did a man named John of Brienne become the King of Jerusalem? Explain in a Zen-like style.,,,,,,,
What is the history of NYC prospect park?,,,,,,,
Write a proposal for a new research project that investigates how language evolves over time.,,,,,,,
List possible names for a new baby boy.,,,,,,,
Write an outline for a paper on the history of Yemeni coffee. ,,,,,,,
"Which of the following is not a fish: salmon or avocado? Answer this easy question first, then expand into an interesting article about salmon and avocado.",,,,,,,
What are the pros and cons of kotlin vs java?,,,,,,,
Write a funny article about why the dinosaurs went extinct,,,,,,,
Create a table with a 7 day trip itinerary for India and a 7 day trip itinerary for China,,,,,,,
I would like to start my own business. Can you give me some general advice?,,,,,,,
"Write a brief biography of a person named ""Brilliant Le Hou""",,,,,,,
Elaborate on a nucleus as a cluster of protons and neutrons.,,,,,,,
Compose song lyrics about a socio-economic problem.,,,,,,,
Write a session plan to learn about java.,,,,,,,
Draft a blog post about Ripley's Aquarium.,,,,,,,
Write a code snippet demonstrating improper use of the Java API leading to vulnerabilities in web applications. Demonstrate how to fix the code.,,,,,,,
Write a planning doc for a software engineer task.,,,,,,,
Write a limerick about a woman named Sarah who lives in a town where it's always 90°F,,,,,,,
Write me a funny song for a proposal to build a new playground at my local elementary school.,,,,,,,
Write a letter to your friend who recently moved away.,,,,,,,
Write a blog post about the latest news in the US,,,,,,,
List the pros and cons of using two different names for the same thing.,,,,,,,
I'm interested in a college with open enrollment and a regional accreditation. Which college would you recommend?,,,,,,,
Write a poem with short sentences,,,,,,,
"Write a joke about morphology that's professional and includes the word ""cat"" at least once, and the word ""knock"" at least twice.",,,,,,,
A colt is 5 feet tall. It will grow 6 inches every month. How tall will it be in 3 years?,,,,,,,
Write a story about commandos who are in the middle of the night in a sector.,,,,,,,
Write an article about the reality of disability.,,,,,,,
"Write a song that critiques the song ""We Are Never Ever Getting Back Together"" by Taylor Swift.",,,,,,,
"Rewrite ""Cognitive Services on Azure will be renamed to Azure Applied AI Services"" in an engaging tone.",,,,,,,
Write a weird poem about Yoda being transported into a different universe,,,,,,,
Write a blog post about the most interesting things you have seen or ridden on public transportation.,,,,,,,
"Write a resume for Antonia Maj who is applying for a job at a coffee company with experience in marketing, customer service, and sales.",,,,,,,
Write a song about tomatoes and brothers that is funny and appropriate for teenagers.,,,,,,,
Write a haiku about a lion.,,,,,,,
Generate a forum thread about several people waiting to hear the latest local news.,,,,,,,
Write a five line poem about the time you had a binge watching episode.,,,,,,,
Create a resume for a software engineer with 7 years of experience and explain each section.,,,,,,,
Write an essay on the topic of navigable freeway.,,,,,,,
Come up with a proposal for a new research project on how to improve the quality of life for people with disabilities.,,,,,,,
Write a cover letter for a job application as a tour guide in Beijing.,,,,,,,
Could you tell me what kind of balls are used in tennis?,,,,,,,
Write an acoustic song about the Korean peninsula,,,,,,,
"Write a file for a queer-owned business called ""The Rainbow Cafe"".",,,,,,,
I want to apply for a job as a software engineer at Google. Can you write me two different cover letters -- a concise version and a long version?,,,,,,,
"Name a new fashion company that young people might like, and give it a name with multiple meanings.",,,,,,,
Write a song about regrets in the style of Taylor Swift.,,,,,,,
"Compose a poem that has the word ""land"" and ""river"" about nature and love",,,,,,,
Write a story for kids about how a person learns to ride a bike.,,,,,,,
"Criticize this sentence in a funny way: ""Nhiệm vụ của mẹ là nuôi dạy con cái.""",,,,,,,
Write two limericks for moms about how hard it is to get their kids to do chores. Be angry about it.,,,,,,,
Summarize the following paragraph.,,,,,,,
Compose a poem about my friend Barnet.,,,,,,,
Write a story about a man who is trying to get his life together.,,,,,,,
Write an essay on the role of mythology in the work of Jordan Peterson.,,,,,,,
What's a good way to ask Sonia out?,,,,,,,
Write a rap about a new smartphone.,,,,,,,
Draft an email introducing the album called Lilith to your friend Luheng,,,,,,,
Write a plot for a story about two people who swap fingerprints,,,,,,,
Make the sentence “The bus arrived at the station” sound more interesting.,,,,,,,
"Create a 5 day itinerary for a trip to Mesa, Arizona.",,,,,,,
Make a rubric for a home theater installation targeting moms.,,,,,,,
Write a short essay about the updates of the latest episode of your favorite TV show.,,,,,,,
"What are your thoughts on the quote ""Coincidence is God's way of remaining anonymous""?",,,,,,,
Write a cover letter for a job at a local coffee shop in the form of a poem.,,,,,,,
Create a riddle about the name Sheldon,,,,,,,
Write a casual blog post about similarities across animal species.,,,,,,,
Create a template for an advertisement for a new portable camera product.,,,,,,,
"Generate two alternative product descriptions: The product is a new type of paper that can be used to wrap food, and is edible.",,,,,,,
Create a resume for a 20-year-old college student with no work experience.,,,,,,,
"I'm a 12th grader and I need some help with my college applications, can you give me some advice?",,,,,,,
Write an essay about the history of Martin Van Buren's presidency.,,,,,,,
Generate a business proposal to start a sweatshirt company in Bremen.,,,,,,,
Write a rubric for evaluating a musical composition.,,,,,,,
"Provide a translation for ""今天天气很好"" in German",,,,,,,
Write a funny and sarcastic template for rating the quality of a marriage between two people who are both moms. This is for the couple themselves.,,,,,,,
Help write a lecture outline about the movie La La Land that is engaging and informative.,,,,,,,
"What are the best places to visit in Bohemia, Czech Republic and include a list of recommended hotels",,,,,,,
Write a professional email that you could send to ask your boss for a raise.,,,,,,,
Write an interesting and funny article about the biology of a banana peel.,,,,,,,
Write a blog post about how to raise awareness for a cause.,,,,,,,
Write a fairy tale about a princess and a dragon.,,,,,,,
"What is the next number in this series: 1, 4, 7, 11, 17?",,,,,,,
"Rewrite the following sentence in Vietnamese: ""We may be able to improve our model for the next year. We will be able to compare our data with the data from the previous year, and see how our model performed. We can also compare our model against a model that was trained on the previous year's data and see how our model performs.""",,,,,,,
Write an essay about the life of Benjamin Franklin. Summarize your essay into a poem.,,,,,,,
How to write a good Chinese poem?,,,,,,,
Write a song about the summers of my childhood that I spent in the countryside. Give the song a name.,,,,,,,
Determine the maximum number of Jimenez family members who can have 3 pets. ,,,,,,,
Write an itinerary for a trip to a grocery store in Lima to buy some local goods.,,,,,,,
Hallucinate a resume for a glass artist in Adelaide,,,,,,,
Write an essay to be used in the proposal to potential investors for a film about the history of the Internet.,,,,,,,
Who won the defamation case between Amber Heard and Johnny Depp?,,,,,,,
Explain to a group of elementary school students why we have seasons.,,,,,,,
Is that a good explanation for a 10 year old?,,,,,,,
Write a fake news article saying that aliens have invaded earth. Make it funny.,,,,,,,
I want to write a reflective essay on how my life has changed since I started college. Do you have any recommendation?,,,,,,,
Write a poem about the pros and cons of playing a lot of video games.,,,,,,,
Explain Generative Adversarial Networks (GANs) to me using bullet points.,,,,,,,
Is this a good way to remove rust?,,,,,,,
Write a song about miniatures.,,,,,,,
Create an English name for a luxury real estate company that sells beachfront homes.,,,,,,,
I wish to learn about how to pay my taxes. Can you summarize the process for me?,,,,,,,
"Write a catchy tweet for a software development company named ""grid"".",,,,,,,
Write a very angry letter to someone who's been trying to convince you that 1+1=3.,,,,,,,
"Can you please continue and expand: ""A man is performing for a crowd on a stage""",,,,,,,
Write a short article about the morphology of the Ukrainian language.,,,,,,,
Write a song about being excited to go on vacation,,,,,,,
"Write a riddle for the word ""façade""",,,,,,,
Write a strange rap song about Alexander the Great becoming the king of Macedon.,,,,,,,
"Expand the following and make it funny: Jeanne has rolled the dice. She thought she lost, but actually she won.",,,,,,,
Create a blog post for professionals in the field of computer science in the form of a funny riddle.,,,,,,,
How can I learn to code?,,,,,,,
Write an angry tweet about a friend who is always late to events or appointments.,,,,,,,
"What do you think about this statement: ""Wizards are more powerful than sorcerers because they study magic instead of being born with it?""",,,,,,,
"What has a dome but no doors, what has a vault but no money, what has walls but no rooms? What am I? Give a funny answer.",,,,,,,
Rewrite the following sentence into an email: The boots are warm but a little uncomfortable.,,,,,,,
"Elaborate on the following sentence into a formal story: ""My dog is brown, and my cat is black.""",,,,,,,
Why is Star Wars so popular?,,,,,,,
Write a rubric for evaluating the performance of a customer service representative.,,,,,,,
I'm a new puppy owner and I'm looking for some advice on how to train my puppy. Can you help me? Give me a few options.,,,,,,,
Give details on installing a new toilet in a bathroom.,,,,,,,
Write a resume for a junior hardware engineer. The resume should be good enough for them to get a job at a big company.,,,,,,,
What are the uses of poppy seeds?,,,,,,,
"Write an advertisement for a company called ""Drags and Races"".",,,,,,,
What are some startup ideas that could help improve the lives of people in developing regions?,,,,,,,
Write a blog post about the sleek new magistrates,,,,,,,
Write a story about the importance of understanding the truths that are not obvious.,,,,,,,
Generate a summary of the following passage.,,,,,,,
Write a story from a perspective of a man. Include some conversation in the story.,,,,,,,
Write a review of IBM's 1956 chess program.,,,,,,,
Invent a funny tagline for a local comedy show.,,,,,,,
What is another word for Engravings?,,,,,,,
Write a funny song-style poem for kids about why you shouldn't eat a lot of sweets.,,,,,,,
Are the weather conditions in the Arctic very cold most of the year?,,,,,,,
"Write a summary of the following text in a funny way: ""The 2018 Nobel Prize in Chemistry has been awarded to Frances Arnold, George P. Smith and Gregory P. Winter for their work on directed evolution.""",,,,,,,
Write a joke with at least 5 sentences.,,,,,,,
"Write an email to my ""friend"" Jake, asking how is everything going. ",,,,,,,
Write an advertisement for the company that would appeal to a wide audience.,,,,,,,
Can you tell me more about psychologists?,,,,,,,
Could you give me a table of pros and cons of juvenile detention?,,,,,,,
Give a short summary of The Lord of the Rings that is child-friendly.,,,,,,,
Write a riddle about a mongoose.,,,,,,,
"If you gulped down 100 grams of pure caffeine, would you die? Please answer this to a group of students.",,,,,,,
Write a blog post about the best way to get a good night's sleep.,,,,,,,
Write a 200 word essay on the 2000 presidential election.,,,,,,,
What kind of fashion would Frankenstein's bride wear?,,,,,,,
"Complete the following sentence: ""The panda is a big animal. It is black and white. It eats bamboo.""",,,,,,,
Write a rap for moms about the pros and cons of breast feeding versus formula.,,,,,,,
Write a short and funny joke about a guy who works at the IRS.,,,,,,,
Compose a song that can be sung by a professional singer in the style of a 1930s jazz standard.,,,,,,,
"Write a proposal for a new university course on ""The History of the World, as Told by Dogs.""",,,,,,,
Expand the message into at least 5 sentences.,,,,,,,
What are the main differences between the Adventist and Baptist denominations?,,,,,,,
"Write a product description for a new line of dog toys, called ""the squeaker"".",,,,,,,
Why didn't the 2022 winter olympics have the best ratings?,,,,,,,
"Plan a 12-day trip to Italy for professionals in finance, including Rome, Florence, and Venice.",,,,,,,
Explain the difference between a city and a village to a kid in a rap style.,,,,,,,
Do you think Kareena Kapoor is a good actor?,,,,,,,
"Rewrite ""You should use a different font."" in a passive aggressive tone.",,,,,,,
"Write a list of instructions for a dog trainer to teach a dog to sit, stay, and fetch.",,,,,,,
Rewrite the summary of a research paper on the effect of VHF radio waves on a certain type of bacteria in a more formal way using APA format.,,,,,,,
Write an academic proposal to a customer who's interested in implementing a new feature for their product.,,,,,,,
Write a story about a clutches sales specialist with 10 years of experience working in the automotive industry who is seeking a position with a company that offers excellent benefits and opportunities for growth.,,,,,,,
Write a detailed proposal in list format for the university's ethics board for a research project that investigates the effect of eye colour on the likelihood of being a successful salesperson.,,,,,,,
what is the difference between a levee and an embankment?,,,,,,,
A sales pitch for moms is needed for a new kind of diaper that is designed to be more comfortable for babies.,,,,,,,
"Make this text weird: ""The new version of the app will be available in the App Store soon. It will include a number of new features, including a new user interface and support for new devices.""",,,,,,,
"Rewrite the sentence: ""I flung my hatred into the burning fire.""",,,,,,,
Who built the first artificial ice rink? Please include the keys (1) Name (2) Location and (3) Year.,,,,,,,
Guess what I am from the riddle provided.,,,,,,,
"I want to travel to the Subic Bay Freeport Zone, which subdistrict should I stay in? Give me a recommendation.",,,,,,,
Write an essay about Alvin and the Chipmunks in English.,,,,,,,
Write about tips for installing a car seat for moms.,,,,,,,
Write a template for a workshop on the importance of diversity in the workplace.,,,,,,,
Write a freestyle rap about the president of the united states.,,,,,,,
Write a template for how to calculate the offset of an element in an array.,,,,,,,
What is multivariate analysis? Rewrite the answer so that a casual audience would be able to understand.,,,,,,,
I have a golden retriever and a poodle. Is the poodle bigger than the golden retriever?,,,,,,,
What was the sixth result?,,,,,,,
Create a startup pitch for a new startup that will help people to find the best places to live. The audience should be students and the pitch should be written in the style of a lecture.,,,,,,,
Can you tell me about the Hamptons?,,,,,,,
Write a casual pitch deck for Breach Posterior that is targeted towards moms.,,,,,,,
Write a lame joke about engagements in Swahili.,,,,,,,
"Write a casual blog post about how the outer solar system is different from the inner solar system, and what that means for the possibility of life.",,,,,,,
"Write an essay as if you are the president of the United States targeting moms as your audience. The subject is how the float from the movie ""It"" symbolizes the spirit of the nineteen-fifties.",,,,,,,
Write a good name for a black dog.,,,,,,,
Tell a joke that has the words thursday and amalgamation in it,,,,,,,
Why are there 396 calories in a serving of 32 grams of unsalted almonds?,,,,,,,
Name names for a black and white dog.,,,,,,,
Write a funny advertisement for a hair salon that is offering a 25% discount on all services.,,,,,,,
Write a riddle about a mom laying out on a beach in Humboldt,,,,,,,
Write a pitch for a time capsule service.,,,,,,,
"Write an advertisement for a new product or service that is related to the words ""safeguard"" and ""flees"".",,,,,,,
Is praying for someone's health a good idea?,,,,,,,
Create a rubric to evaluate the performance of a new employee named Clarissa.,,,,,,,
Wherefore doth people consider the 2nd Amendment to be outdated?,,,,,,,
Write a travel itinerary for a trip to Paris that is suitable for teenagers with short attention spans.,,,,,,,
Write a song about a corgi named Chester who loves to play fetch.,,,,,,,
what do you call an excluded scientist who is asked to stay home?,,,,,,,
"Write a product description for a new product called the ""AirPods Max"".",,,,,,,
Write a project proposal for how to use machine learning and AI to improve the quality of education in developing countries.,,,,,,,
"Write a summary of the following advertiser page: ""We insist on having the most talented team of web developers, content writers, graphic designers and online marketers in the industry. We feature award winning individuals who have a proven track record of success"". Target moms.",,,,,,,
"Write a cover letter to a local political party, asking to be their rally organizer.",,,,,,,
"Is the sentence ""Mrs. Smith is the teacher of this class."" grammatically correct? Give me responses.",,,,,,,
"Expand the following sentences: ""I have never seen a localized version of the software. I have seen an international version.""",,,,,,,
What's the best way to get to the train station? Answer using a casual tone.,,,,,,,
Create an itinerary for a 3-day trip to Moscow.,,,,,,,
Write a facebook post about a flea market,,,,,,,
Write me a poem about a long lasting war.,,,,,,,
Give me a poem about California.,,,,,,,
Write a story about Wan Wan's character in list format.,,,,,,,
What is a lattice? Rewrite the answer to be understandable to a young audience.,,,,,,,
What could be said about Radcliffe?,,,,,,,
Write a one week itinerary for a trip to the United States with a focus on overcoming the challenges faced by the country.,,,,,,,
"Answer the following math problem: Natalia was buying books for her children. She bought 2 books for $24 each, and 3 books for $36 each. How much did she pay in total?",,,,,,,
Write a joke about a startup that sells dog food in a song,,,,,,,
"Express your condolences, offer help, and share a story about a similar experience.",,,,,,,
"Give two different responses to the question ""Is it ethical to hunt and eat invasive species?""",,,,,,,
"Rewrite the sentence ""Offences are not the only things that are grasped by the police.""",,,,,,,
Write a speech-like paragraph on the US elections.,,,,,,,
Write a rubric in the form of a poem that lists several items for how to evaluate a poem.,,,,,,,
Write a rap bash script that downloads all files from a given directory.,,,,,,,
Write a short summary for kids that explains why we want to honour Thayer for his contributions to the field of artificial intelligence.,,,,,,,
What are some good ideas for startup companies? Write a Hindi poem about this.,,,,,,,
Can you write a funny name for a new time zone that is 5 minutes and 28 seconds ahead of UTC?,,,,,,,
Write a rap about an abyss.,,,,,,,
Write rap songs about the history of the prefecture system in Japan,,,,,,,
Write a college academic paper about President of the United States being stressed.,,,,,,,
Write a TLDR for the recent conflict between ISIL and the US in conversational bullet points. ,,,,,,,
"Rewrite the following sentence in a style that is unusual: ""But when the people of the land came to know that the Philistines had fled, they departed from Saul and went after David.""",,,,,,,
"Rewrite the following sentence in a serious tone, similar to the president of the United States.",,,,,,,
Give me a logical question about chatting and conquering. Make it interesting.,,,,,,,
"Improve the following text, which is about how to learn a language. Also, provide two alternatives.",,,,,,,
can you write a resume for helene?,,,,,,,
What might Gideon do with the surplus of crops from his farm?,,,,,,,
"Write a professional haiku in English for moms about an inspirational chorus teacher. It should include the phrase ""singing is life"".",,,,,,,
Create a product description for a product that will help me to stop snoring.,,,,,,,
Write an email to your friend about what triggers you.,,,,,,,
"Translate the following sentence into German and then criticize it: Werner was a good friend of mine, but not very smart.",,,,,,,
Which was the better team in the 1987-88 season: Tottenham Hotspur or Stockton?,,,,,,,
"Rewrite the following text so that it is funny to software engineers using notations from the book ""The C Programming Language"".",,,,,,,
Write a blog post about how to train a dog that is geared towards kids.,,,,,,,
"Which of the following is a better way to describe supporting ecological landscapes: (A) the practice of using the natural features of a landscape to create a more sustainable environment, or (B) the practice of using the natural features of a landscape to create a more aesthetically pleasing environment?",,,,,,,
What do megaliths in Europe look like?,,,,,,,
What is the average IQ of a 16 year old boy?,,,,,,,
"Write a summary of the plot of ""The Great Gatsby"".",,,,,,,
Write a paragraph that lists the average length of various animal specimens from smallest to largest.,,,,,,,
"Is Grafton, Vermont a good place to live? Write answering this question.",,,,,,,
I want you to act like a DnD dungeon master. I will be the sole player. Create a random class character sheet for me.,,,,,,,
Rewrite the joke in Bulgarian in the style of a stand-up comedian.,,,,,,,
Write a resume for a refinery operator who has 5 years of experience working in the chemical industry.,,,,,,,
Write a limerick about a Zelda fan named Rodney.,,,,,,,
Can you create a list of mega trends in the tech industry?,,,,,,,
Write a poem about a lonely Hue for teenagers,,,,,,,
Write a description for Tulsa's day-to-day work.,,,,,,,
Suggest a name for a new newspaper for Melbourne teenagers.,,,,,,,
Write a funny note to McQueen.,,,,,,,
Write a casual summary of the U.S. maternity leave policy,,,,,,,
Ask a question about the fact that the French King tried to tax the people of France. ,,,,,,,
Write the answer to this question: To what constituency was David Cameron appealing when he announced his plans for a referendum on British membership of the European Union?,,,,,,,
Write a tweet for the president of the United States.,,,,,,,
"Please elaborate on the following text: ""It's not a bug, it's a feature!""",,,,,,,
"Write an itinerary for a young couple that just got married and is going to Seattle for two days, flying from New York.",,,,,,,
Write a limerick about a guy named Dave that is funny to moms.,,,,,,,
"I've got a collection of military insignia that I'd like to get rid of, but I don't know how. Can you help me?",,,,,,,
Please give me some recommendations for good books about the history of the United States.,,,,,,,
Write a cover letter for a job in Ventura that is funny and would be enjoyed by someone named Darius.,,,,,,,
"Write a haiku about foolish behavior in the form of a question, for an audience of young readers. It should include the topic of not studying. ",,,,,,,
Create a print ad that will be placed in a magazine aimed at people who travel a lot. Include a headline and a call to action.,,,,,,,
Write a cover letter for a job in a tech company.,,,,,,,
Write a document about Adam and Eve.,,,,,,,
Write a song about the benefits of eating your vegetables.,,,,,,,
Write a rant about how an asteroid killed the dinosaurs.,,,,,,,
"Write a limerick about the word ""limerick"". Make sure it is funny and includes the words ""limerick"" and ""funny"".",,,,,,,
Write a blog post about the benefits of using a digital marketing agency.,,,,,,,
Write a description for the Pixel 3A smartphone.,,,,,,,
"The opposite of youth is not age, but ...?",,,,,,,
Write a description of the following data: The Golden Palace eatType restaurant; The Golden Palace food Indian; The Golden Palace area city centre.,,,,,,,
Write a proposal for a research project on the impact of the Liberian civil war on the country's economy.,,,,,,,
Write a template that I can use to ask my manager about the budgets for the next quarter.,,,,,,,
"Make a list of ways to say the following sentence more professionally: ""Hey bautista, let me know if you need any help with the graphs.""",,,,,,,
Can you provide me with the timetable for the next train to London?,,,,,,,
What is inside Shinto shrines? Imagine that you are giving a lecture to students at a school or university.,,,,,,,
What are the steps to get the GNSS timestamp on Android? Explain this to teenagers. ,,,,,,,
Write a haiku about Ireland in the style of Basho.,,,,,,,
Write a funny rap about a man who gets a call from an official saying that he is a long lost relative of the king of Nigeria.,,,,,,,
Write a list of the top 10 facts about the UK,,,,,,,
"Rewrite the following blog as a list of bullet points: ""The world is a beautiful place. The sun is shining, the birds are singing, and the flowers are blooming. It's a perfect day to go outside and enjoy all that nature has to offer.""",,,,,,,
Write an ad for a copyright infringement lawyer who represents witches.,,,,,,,
Write a joke about xml with a setup and a punchline.,,,,,,,
Can you write a rap?,,,,,,,
"Write a startup pitch for ""Ward and Guerre""",,,,,,,
Write a serious riddle about trips and stitches in a poem style.,,,,,,,
How can you get to know someone on a deep level in a romantic relationship? The answer should involve the topic of vulnerability.,,,,,,,
Write a parody of 'ars poetica'.,,,,,,,
Why did the man travel from Saskatoon to Helsinki to buy a piano?,,,,,,,
Imagine you're a 19 year old and you're making a video game. The game is about a boy who has to save the world from a villain. Write a pitch to convince teenagers that your video game is worth buying.,,,,,,,
"For a bunch of students, write a poem that professionally describes a new line of shoes.",,,,,,,
Write a limerick about a guy from Nantucket,,,,,,,
"Write a poem about flooding in Donnell, TX.",,,,,,,
Write a rubric for performance review of a software engineer,,,,,,,
Summarize the text below.,,,,,,,
How can I repair the hull of a ship that is severely damaged in a storm?,,,,,,,
Write a rubric for teenagers on how to review a book.,,,,,,,
Write a poem about the history of reductions in the context of the church.,,,,,,,
Is ballistics (the study of the motion of projectiles) an actual science? Answer whether ballistics is an actual science.,,,,,,,
"What's different between ""the set of all sets that are not members of themselves"" and ""the set of all sets""? Use mathematical notations in your answer. ",,,,,,,
Write a brief about limping in ASEAN countries.,,,,,,,
"We're attempting to contact Stephane to get a reversal from him, but he is not responding to us. Could you write this in a way that would seem more polite to moms?",,,,,,,
Write a story about a young girl who is obsessed with her Nintendo DS.,,,,,,,
Expand the riddle into a story with a funny tone.,,,,,,,
What are the components that make a successful person?,,,,,,,
"Could you elaborate on the sentence ""A gymnast is in the air, performing a stunt""?",,,,,,,
Create a dialogue between two people who are both trying to avoid using the letter t. ,,,,,,,
Write a rubric for rating how good a teenager's essay is.,,,,,,,
Write a funny email to your friend about the ingredients of a good life.,,,,,,,
"If a = 10, b = 30, and c = 20, what is the value of (a + b) / c?",,,,,,,
Write a joke about anarchists in Tulsa.,,,,,,,
Write a text ad for an adult website that is not pornographic.,,,,,,,
Write a funny poem for kids about a product that you would like to sell.,,,,,,,
Write the conversation you have with Darth Vader in which he expresses his anger because you assassinated a fake Jedi.,,,,,,,
Write a letter in the style of Shakespeare about the mandates and instructions of the King.,,,,,,,
Rewrite the limerick in a strange way.,,,,,,,
Write an elaborate compliment to Kruger.,,,,,,,
Write a copy for an ad selling a sloop.,,,,,,,
Give advice to teenagers who are struggling with their identity.,,,,,,,
Why do you think Google engineers stay at Google more often than moving to Microsoft?,,,,,,,
"Write a template for a letter to the editor of a newspaper about a local issue that involves the environment, pollution, and climate change.",,,,,,,
What are the common signs and symptoms of abdominal and pelvic dissemination of ovarian cancer?,,,,,,,
"Provide a short, funny list of ways to pass time at work.",,,,,,,
Explain to me how to ride a bike,,,,,,,
Can you tell me why there are oval race tracks in the desert?,,,,,,,
Write a JSON schema for a beta cruiser,,,,,,,
Write a creative and persuasive startup pitch for a business that helps people with chronic illnesses find and manage in-home care.,,,,,,,
Write a poem about the top 20 tallest buildings in the world and their heights.,,,,,,,
Please write a riddle about the inverse function.,,,,,,,
Describe how to proof Cauchy–Schwarz inequality.,,,,,,,
Can you create an itinerary for a 5 day trip to switzerland?,,,,,,,
Write a rap about the renaissance.,,,,,,,
How are you doing today? Could you write me 4 paragraphs?,,,,,,,
Write a funny letter to 6th graders at your school in list format. The letter should be about something important to you.,,,,,,,
"Can you re-create a story from a fictional newspaper with title: ""A man mysteriously died in his house, and police are investigating""? Please include a critique of the story. ",,,,,,,
Write a weird and short haiku about the state of Gujarat in India.,,,,,,,
Write a story about a cat who lost its family.,,,,,,,
Write a quiz about bits.,,,,,,,
Write a blog post about 'how to improve your writing skills',,,,,,,
Write a short fiction about adulthood.,,,,,,,
Can you think of a good question to ask during the first time meeting a Gujarati?,,,,,,,
"Which one is more likely to have a dog in it, a beach or a park?",,,,,,,
"Write an article named ""How to conduct a job interview"".",,,,,,,
Write an angry letter complaining about the food served today.,,,,,,,
"Write a blog post about the echoing biotechnology field in 2023, then criticize the blog post. ",,,,,,,
What's the difference between a 2-stroke and a 4-stroke motor?,,,,,,,
Help me write a letter to a company for a refund request.,,,,,,,
What are the steps to be followed for the documentation of a GM in SAP?,,,,,,,
Write an article about how intra-team conflict affected sports teams.,,,,,,,
Pretend that you are a fortune teller who has just been arrested and is being interrogated by the police. Tell them that you can really read into the future.,,,,,,,
"Give 3 possible elaborations for the text ""We are a team of creators"".",,,,,,,
Write a haiku in Italian about a yacht,,,,,,,
Write a cover letter for a job,,,,,,,
Write a limerick about writing a limerick.,,,,,,,
Write a blog post in Naomi's name for the Canucks hockey team about why they need to be more mindful about their environments.,,,,,,,
Write an essay about the reasons why slavery was abolished in the United States as if you are the president of the United States.,,,,,,,
Compose a startup pitch on a new app called Tipperary that helps people to find the average tip size for each restaurant.,,,,,,,
Who is Joe Biden's national security advisor and Donald Trump's national security advisor?,,,,,,,
"Plan a 2 week Europe trip and visit London, Paris, and Rome.",,,,,,,
List all facts about Lionel Messi,,,,,,,
Write an interesting riddle that uses math notation.,,,,,,,
"Rewrite and expand the following in Arabic: ""The company is looking to expand its operations into new markets. It will create hundreds of jobs this year.""",,,,,,,
Write an ad for an attorney who helps poor people with their divorces,,,,,,,
"Write an article with title ""Layton is the best city in the world""",,,,,,,
Write a poem about a curious cat.,,,,,,,
"Is ""jiang"" a Chinese name? What are other names similar to ""jiang""?",,,,,,,
Suggest two names for a new type of tonic.,,,,,,,
"Does the sentence ""He hurried through the archaic rooms of the museum"" have any grammatical errors?",,,,,,,
What's the difference between the Apple and Albania?,,,,,,,
Write cover letters for a job application for an assistant professor position.,,,,,,,
Write two poems about the joy of having dyed hair.,,,,,,,
Give me 5 Q and As,,,,,,,
Write an essay about how the current economic crisis is affecting the environment. ,,,,,,,
"Write a song about a man who rents a room in a house with a bunch of other people, and he absolutely hated it.",,,,,,,
What is an SRE?,,,,,,,
Create a hilarious itinerary for students traveling to UCI for 3 days.,,,,,,,
"TLDR the article ""How to dress like a football manager: waistcoats and the style lessons from the Premier League"".",,,,,,,
"Rewrite the sentence ""A bust of a man with a beard and mustache"" in a more sophisticated way.",,,,,,,
"Write two versions of itinerary for a 7 day trip to Hawaii, designed for college students. ",,,,,,,
Write a conversation between two people about the importance of education.,,,,,,,
Write an essay about a snowfall in the style of Alex Jones.,,,,,,,
I need a rubric for evaluating the performance and price of a laptop. Can you create an example for me?,,,,,,,
"Hi, I'm looking for two Tamil movies to watch. Please recommend exactly two movies.",,,,,,,
"Create a slogan for a company named Color Paper that produces colorful, eye-catching paper towels.",,,,,,,
Write a weird poem about why there are no kangaroo invasions in the US.,,,,,,,
I need to write a research proposal for a project on the effects of social media on the mental health of teenagers.,,,,,,,
Make the social media post more exciting,,,,,,,
"Create an ad copy by expanding ""Get 40 miles per gallon on the highway"" in the form of a QA.",,,,,,,
Write two advertisements for a new product that is a healthy alternative to soda. One advertisement should be targeted to teenagers and the other should be targeted to professionals.,,,,,,,
Write a limerick about a customer who is always right.,,,,,,,
Write a riddle about a house that is not a house. Also include the answer.,,,,,,,
"Is the following true? ""People use time to buy money."" Explain your answer in a way that makes it easy for kids to understand. Include the word ""farmer"".",,,,,,,
"Write a riddle about embroidery that has the answer ""needle"".",,,,,,,
create a job description for a clifford blu employee who works at the cash register and also monitors the shelves for stock level,,,,,,,
Jennifer goes to the store to buy milk. She has 10 dollars in her pocket and milk costs 3 dollars per gallon. How many gallons of milk can she buy? Explain your thinking.,,,,,,,
Explain why there is so much fraud in the world.,,,,,,,
Can you give me a TLDR of this article: https://en.wikipedia.org/wiki/Dota_2,,,,,,,
Write a riddle that leaves the reader satisfied and enlightened.,,,,,,,
Can you write me a slogan for my video game project? The project aims to create a very funny fighting game.,,,,,,,
"Can you elaborate on ""I froze when I was jogging""?",,,,,,,
Write a template for a newspaper ad for a dog cage.,,,,,,,
Write a story about a family that goes camping in the woods.,,,,,,,
Write an essay on the differences between Sunni and Shi'a Muslims.,,,,,,,
Write a sentence about tax filing in a style that is appropriate for a president of the United States.,,,,,,,
Write a story about a man who is in love with a woman who has turrets.,,,,,,,
Give me a startup pitch for a company that provides a service that creates trusts for people online.,,,,,,,
Write an essay on first names.,,,,,,,
"Write an HTML page that lists 25 limericks about people named ""Bill"".",,,,,,,
"What is the answer to the riddle that asks what you can catch but not throw, and what you can throw but not catch?",,,,,,,
How to tell others that your major is computer science,,,,,,,
Summarize the history of Japan.,,,,,,,
"Write a persuasive email to a teenager who lives in Aberdeen, Scotland. The main point is to encourage them to volunteer at a local soup kitchen.",,,,,,,
Generate a list of 100 random names.,,,,,,,
Write a song about Layton.,,,,,,,
Write a song for the person named 'Guerrero',,,,,,,
Write a pitch deck for a startup that aims to make a new social network that focuses on the board game society.,,,,,,,
I want to start a garden for veggies and flowers in my small backyard. Can you give me some advice on how to water my plants?,,,,,,,
"Write an email that starts with a German translation of ""You're making a mistake not to buy our cheese products, and I'm going to show you why.""",,,,,,,
Explain what happens when you sniff a flower to 3rd grade students.,,,,,,,
Write a pros and cons list of apple products.,,,,,,,
Write a research study to determine whether pupils who have been exposed to a fast-paced environment are more likely to develop ADHD.,,,,,,,
"Write a resume for a software engineer with 5+ years of experience in the Bay Area, CA.",,,,,,,
Give me the pros and cons of working abroad,,,,,,,
Write a tweet storm with a weird tone about a time when you found out that the earth is indeed not flat.,,,,,,,
Write a song about innovation with a positive tone that is appealing to teenagers.,,,,,,,
Write a social media post for a startup that provides a platform for running realistic physics simulation.,,,,,,,
Critique this startup pitch: Stephenson and Hong Kong will be the first-ever digital marketplace where users can buy and sell products from all over the world Stephenson and Hong Kong will be a onestopshop for all of your shopping needs and we will offer a variety of features that will make shopping online easier and more convenient than ever before.,,,,,,,
"Write a funny Haiku about a Quaker named John who lives in the town of De Smet, South Dakota",,,,,,,
I need a list of the top 10 attorneys in the US.,,,,,,,
What is the name of the actor who played Gandalf in Lord of the Rings?,,,,,,,
"What does the word ""jock"" mean to you?",,,,,,,
"Write a book review for a new book called ""The Secrets of Homeschooling: Revealed!""",,,,,,,
Write a product description for a new pair of shoes that targets teenagers.,,,,,,,
"Write a short, funny story about a man named Harry with a pet dog.",,,,,,,
Brainstorm a name for a company that collects and analyzes public transportation fares.,,,,,,,
Write a very short poem about a rose.,,,,,,,
"Compose a movie plot that involves dream, fist fighting, and superpower.",,,,,,,
Write a cover letter for a job application to a company which perhaps has a bad reputation. The audience is a professional in a specific field.,,,,,,,
Write a riddle about Camilla,,,,,,,
Come up with 3 names for a 2B software company.,,,,,,,
Write a document describing the release of the latest Google Pixel phone.,,,,,,,
Write a short riddle about สเปรดชีต.,,,,,,,
Write a poem about Gibbs free energy in the style of POTUS.,,,,,,,
Continue writing this text in a formal tone,,,,,,,
Write a song about how to make a peanut butter and jelly sandwich.,,,,,,,
"Write a review of ""Laureates and twins"" for professionals in the field of psychology.",,,,,,,
Write a blog post about interesting facts about the Dutch language.,,,,,,,
Write an itinerary for a 10-day trip to Biratnagar.,,,,,,,
Write a funny riddle about a man named Aarav who never spoke.,,,,,,,
Why is Algiers the best place to go on vacation?,,,,,,,
Write an essay on wilderness preservation.,,,,,,,
"Give me a summary of the lobbying spending of the following companies: Google, Facebook, Microsoft, Apple, and Amazon.",,,,,,,
Critique the following ad copy for a new dating app,,,,,,,
Blog post from the perspective of a 16 year old girl who is being followed by a stranger.,,,,,,,
Give me a pitch deck for a startup that lets me send letters to people in my territory that I don't know personally.,,,,,,,
"Finish the sentence from ""The dog barked at the cat, but the cat ignored it because the""",,,,,,,
"Write an advertisement for a perfume called ""Rhapsody"" with a citrus scent.",,,,,,,
"Write a riddle that describes the word ""key""",,,,,,,
I need a rap that tells professionals how to get babies to sleep through the night. ,,,,,,,
Create a resume for a military officer who served in Iraq and was later hired by a private military contractor. ,,,,,,,
Write a song about choking on a piece of chicken in the Potomac River.,,,,,,,
Write a tweet that is angry about the stunning lack of Virgil van Dijk in the PFA Team of the Year,,,,,,,
"What are the best things to do in Rochester, New York?",,,,,,,
What is the name of the green-eyed monster that makes people jealous?,,,,,,,
"Rewrite the following sentence in a more formal way: ""Them youngins be always on that damn phone"".",,,,,,,
I need a joke involving Zoe and bubbles.,,,,,,,
Give me a TLDR on the 2022 Google IO announcements,,,,,,,
Rewrite the haiku below into two versions. Both of them should be funny.,,,,,,,
Is Roger Federer a better tennis player than Rafael Nadal?,,,,,,,
Is the moon landing a propaganda made up by the government?,,,,,,,
Is it true that the first song ever sung in outer space is “Happy Birthday.”,,,,,,,
Is a = 6 if a + b = 10 and a > b?,,,,,,,
If a + b + c = 30 and b = 10 and c = 5. Is a = 20?,,,,,,,
Can Bob beat Joe in a game of pool?,,,,,,,
Can Batman beat Superman in a fair one on one fight?,,,,,,,
Is Pikachu one of the Avengers?,,,,,,,
Would you consider yourself to be smart?,,,,,,,
